Year,Planning Region,HDB Town,Storey_Level,Area (SQM),Total Resale Price,Average Resale Price,Median Resale Price,Unit Area (PSF),Sales
2012,Central Region,BISHAN,Low,99.11688312,39705976,515662.026,500000,483.3345711,77
2012,Central Region,BISHAN,Low-Mid,109.7719298,31940276,560355.7193,538000,474.2451032,57
2012,Central Region,BISHAN,Mid,106,44395688.88,576567.3881,555000,505.3293863,77
2012,Central Region,BISHAN,Mid-High,111.3809524,24958000,594238.0952,577500,495.6554759,42
2012,Central Region,BISHAN,High,103.0189873,91740856,580638.3291,576500,523.6230671,158
2012,Central Region,BUKIT MERAH,Low,80.45762712,57714576,489106.5763,450000,564.7635087,118
2012,Central Region,BUKIT MERAH,Low-Mid,83.58878505,53018876,495503.514,472000,550.7177465,107
2012,Central Region,BUKIT MERAH,Mid,81.18548387,60411164,487186.8065,407000,557.5033492,124
2012,Central Region,BUKIT MERAH,Mid-High,81.12087912,44575488,489840.5275,425000,560.9865013,91
2012,Central Region,BUKIT MERAH,High,88.35604396,267186608,587223.3143,615000,617.4437131,455
2012,Central Region,BUKIT TIMAH,Low,104.75,2368000,592000,605000,525.0468058,4
2012,Central Region,BUKIT TIMAH,Low-Mid,113,3900500,650083.3333,642500,534.4670475,6
2012,Central Region,BUKIT TIMAH,Mid,103.1666667,7489000,624083.3333,576000,561.9963973,12
2012,Central Region,BUKIT TIMAH,Mid-High,107.8888889,5562800,618088.8889,602000,532.2363862,9
2012,Central Region,BUKIT TIMAH,High,100,8399500,646115.3846,605000,600.2614151,13
2012,Central Region,CENTRAL AREA,Low,86.33333333,2574000,429000,403000,461.6460548,6
2012,Central Region,CENTRAL AREA,Low-Mid,79.33333333,4119300,457700,413000,535.9886037,9
2012,Central Region,CENTRAL AREA,Mid,68.47619048,8757000,417000,410000,565.7529267,21
2012,Central Region,CENTRAL AREA,Mid-High,72.66666667,5550888,462574,457500,591.3931983,12
2012,Central Region,CENTRAL AREA,High,73.09756098,41291338,503552.9024,473500,639.9890788,82
2012,Central Region,GEYLANG,Low,73.74035088,42584388,373547.2632,329000,470.6203524,114
2012,Central Region,GEYLANG,Low-Mid,77.375,35576800,386704.3478,326500,464.3107497,92
2012,Central Region,GEYLANG,Mid,80.885,51365688,428047.4,381250,491.6479348,120
2012,Central Region,GEYLANG,Mid-High,78.95416667,28434164,394918.9444,353500,464.6899277,72
2012,Central Region,GEYLANG,High,81.1988764,120467423,451188.8502,408000,516.2245861,267
2012,Central Region,KALLANG/WHAMPOA,Low,87.01222222,43885353,487615.0333,439500,520.6275812,90
2012,Central Region,KALLANG/WHAMPOA,Low-Mid,82.18181818,28848888,437104.3636,381000,494.1283167,66
2012,Central Region,KALLANG/WHAMPOA,Mid,80.92307692,46064000,442923.0769,402500,508.4945076,104
2012,Central Region,KALLANG/WHAMPOA,Mid-High,75.5,21736688,418013.2308,370000,514.3673839,52
2012,Central Region,KALLANG/WHAMPOA,High,82.59627329,154862984,480940.9441,434500,540.9556294,322
2012,Central Region,MARINE PARADE,Low,83.15384615,6553000,504076.9231,508000,563.1768828,13
2012,Central Region,MARINE PARADE,Low-Mid,77.38461539,5968800,459138.4615,438000,551.2129242,13
2012,Central Region,MARINE PARADE,Mid,77.95652174,11390500,495239.1304,467000,590.1913559,23
2012,Central Region,MARINE PARADE,Mid-High,79.33333333,7544000,502933.3333,422000,588.9590017,15
2012,Central Region,MARINE PARADE,High,90.84444444,54731052,608122.8,546250,621.9038691,90
2012,Central Region,QUEENSTOWN,Low,66.20930233,35164988,408895.2093,335000,573.750869,86
2012,Central Region,QUEENSTOWN,Low-Mid,70.94117647,21502188,421611.5294,380000,552.1339317,51
2012,Central Region,QUEENSTOWN,Mid,66.93478261,38057041,413663.4891,365000,574.1504099,92
2012,Central Region,QUEENSTOWN,Mid-High,70.39189189,32251652,435833.1351,379000,575.2120206,74
2012,Central Region,QUEENSTOWN,High,78.8370607,172076042.9,549763.7153,485000,647.8522842,313
2012,Central Region,TOA PAYOH,Low,83.94059406,43378274,429487.8614,365000,475.3452966,101
2012,Central Region,TOA PAYOH,Low-Mid,82.21176471,35609952,418940.6118,362000,473.422438,85
2012,Central Region,TOA PAYOH,Mid,82.20512821,51537900,440494.8718,375000,497.8199437,117
2012,Central Region,TOA PAYOH,Mid-High,78.11538462,31916576,409186.8718,355000,486.6485814,78
2012,Central Region,TOA PAYOH,High,88.38858696,191916760,521512.9348,440000,548.1497736,368
2012,East Region,BEDOK,Low,87.76470588,106197776,416461.8667,397000,440.8447623,255
2012,East Region,BEDOK,Low-Mid,85.21118012,64136056,398360.5963,380000,434.3203107,161
2012,East Region,BEDOK,Mid,86.38489209,117432964,422420.7338,403000,454.294812,278
2012,East Region,BEDOK,Mid-High,90.92366412,56887100,434252.6718,413000,443.7066276,131
2012,East Region,BEDOK,High,89.41061947,256356016,453727.4619,428000,471.4507246,565
2012,East Region,PASIR RIS,Low,121.1586207,73595938,507558.1931,485000,389.1901747,145
2012,East Region,PASIR RIS,Low-Mid,122.0119048,41490032,493928.9524,476000,376.0907242,84
2012,East Region,PASIR RIS,Mid,121.1483871,79462075,512658.5484,495000,393.1342782,155
2012,East Region,PASIR RIS,Mid-High,123.961165,52987240,514439.2233,507000,385.5482802,103
2012,East Region,PASIR RIS,High,123.8959538,187796328,542763.9538,526000,406.9904511,346
2012,East Region,TAMPINES,Low,104.5072464,161869788,469187.7913,460000,417.0908319,345
2012,East Region,TAMPINES,Low-Mid,102.7087379,94309601,457813.5971,447444,414.1061118,206
2012,East Region,TAMPINES,Mid,104.7118644,170376609,481289.8559,472444,427.0130635,354
2012,East Region,TAMPINES,Mid-High,105.443299,93251006,480675.2887,471500,423.5094996,194
2012,East Region,TAMPINES,High,103.5602837,276780432,490745.4468,480000,440.2439465,564
2012,North Region,SEMBAWANG,Low,109.2604167,43845500,456723.9583,456000,388.3481917,96
2012,North Region,SEMBAWANG,Low-Mid,111.4,18073388,451834.7,448000,376.8120092,40
2012,North Region,SEMBAWANG,Mid,112.5294118,40467664,476090.1647,462000,393.0551642,85
2012,North Region,SEMBAWANG,Mid-High,107.0238095,19087300,454459.5238,459000,394.4983118,42
2012,North Region,SEMBAWANG,High,107.8187702,147443212,477162.4984,470000,411.1518753,309
2012,North Region,WOODLANDS,Low,107.6448087,154775364,422883.5082,418000,364.9707028,366
2012,North Region,WOODLANDS,Low-Mid,106.1115538,103018052,410430.4861,406888,359.3414233,251
2012,North Region,WOODLANDS,Mid,108.5704057,181671894.9,433584.4747,430000,371.0159735,419
2012,North Region,WOODLANDS,Mid-High,105.837037,114282596,423268.8741,414590,371.5429333,270
2012,North Region,WOODLANDS,High,106.5650602,363927338.9,438466.6733,435000,382.2540542,830
2012,North Region,YISHUN,Low,92.31543624,115958716,389123.2081,370000,391.6004237,298
2012,North Region,YISHUN,Low-Mid,89.5990099,75994392,376209.8614,360000,390.0832572,202
2012,North Region,YISHUN,Mid,91.72569444,114902603,398967.3715,380000,404.08871,288
2012,North Region,YISHUN,Mid-High,92.14507772,77497144,401539.6062,380000,404.842962,193
2012,North Region,YISHUN,High,91.92149533,217561765,406657.5047,393000,411.000222,535
2012,North-East Region,ANG MO KIO,Low,80.16256158,81450452,401233.7537,375000,465.003498,203
2012,North-East Region,ANG MO KIO,Low-Mid,80.30147059,53466700,393137.5,370500,454.8323208,136
2012,North-East Region,ANG MO KIO,Mid,77.69756098,81676810,398423.4634,360000,476.3957364,205
2012,North-East Region,ANG MO KIO,Mid-High,83.99159664,50498652,424358.4202,403000,469.3829742,119
2012,North-East Region,ANG MO KIO,High,83.65,206428736.9,448758.1237,410000,498.3984968,460
2012,North-East Region,HOUGANG,Low,101.3615023,96539728,453238.1596,435000,415.4165304,213
2012,North-East Region,HOUGANG,Low-Mid,101.0754717,69681064,438245.6855,422000,402.8118313,159
2012,North-East Region,HOUGANG,Mid,99.24299065,97291864,454634.8785,440000,425.5918015,214
2012,North-East Region,HOUGANG,Mid-High,99,56059376,452091.7419,432900,424.2498771,124
2012,North-East Region,HOUGANG,High,100.1545254,212615682.9,469350.2933,457000,435.3683581,453
2012,North-East Region,PUNGGOL,Low,105.1153846,39800388,510261.3846,510000,450.9794629,78
2012,North-East Region,PUNGGOL,Low-Mid,105.7820513,39631076,508090.7179,503500,446.2308813,78
2012,North-East Region,PUNGGOL,Mid,105.7346939,51317888,523651.9184,518000,460.103495,98
2012,North-East Region,PUNGGOL,Mid-High,105.0588235,35497388,522020.4118,520000,461.6207235,68
2012,North-East Region,PUNGGOL,High,104.4660194,221898415,538588.3859,540000,478.9743791,412
2012,North-East Region,SENGKANG,Low,108.5388601,96054452,497691.4611,499000,425.9957625,193
2012,North-East Region,SENGKANG,Low-Mid,103.6328125,60262914,470804.0156,456500,422.0590522,128
2012,North-East Region,SENGKANG,Mid,109.1398964,99162928,513797.5544,502000,437.3597789,193
2012,North-East Region,SENGKANG,Mid-High,107.5867769,61650976,509512.1983,515000,439.9730091,121
2012,North-East Region,SENGKANG,High,107.3109843,368426611,525572.9116,521000,455.008113,701
2012,North-East Region,SERANGOON,Low,97.24210526,44144300,464676.8421,435000,443.9428055,95
2012,North-East Region,SERANGOON,Low-Mid,93.015625,28565388,446334.1875,425500,445.7943814,64
2012,North-East Region,SERANGOON,Mid,95.25242718,49359176,479215.301,464000,467.395978,103
2012,North-East Region,SERANGOON,Mid-High,105.8421053,30197352,529778.1053,500000,465.0138431,57
2012,North-East Region,SERANGOON,High,99.20245399,84831183,520436.7055,513000,487.3891413,163
2012,West Region,BUKIT BATOK,Low,93.49746193,81416151,413279.9543,375000,410.6528722,197
2012,West Region,BUKIT BATOK,Low-Mid,89.17449664,58603588,393312.6711,355000,409.7581658,149
2012,West Region,BUKIT BATOK,Mid,88.4139785,74737964,401817.0108,364000,422.2189589,186
2012,West Region,BUKIT BATOK,Mid-High,95.68316832,43230064,428020.4356,415000,415.5844631,101
2012,West Region,BUKIT BATOK,High,94.16836735,177847381,453692.2985,435000,447.5965309,392
2012,West Region,BUKIT PANJANG,Low,106.7391304,60605388,439169.4783,420500,382.2423784,138
2012,West Region,BUKIT PANJANG,Low-Mid,104.3835616,31325020,429109.863,412000,381.9150134,73
2012,West Region,BUKIT PANJANG,Mid,106.4084507,63798964,449288.4789,434000,392.264953,142
2012,West Region,BUKIT PANJANG,Mid-High,103.3174603,27308076,433461.5238,419000,389.7688942,63
2012,West Region,BUKIT PANJANG,High,106.4658537,197398987,481460.9439,480000,420.1274595,410
2012,West Region,CHOA CHU KANG,Low,112.0463576,66845896,442688.053,425000,367.0543744,151
2012,West Region,CHOA CHU KANG,Low-Mid,111.1923077,56799676,436920.5846,421500,365.0548376,130
2012,West Region,CHOA CHU KANG,Mid,113.9085714,82081128,469035.0171,452500,382.5420737,175
2012,West Region,CHOA CHU KANG,Mid-High,112.1769912,51801086.88,458416.6981,432000,379.6531322,113
2012,West Region,CHOA CHU KANG,High,112.0407332,232043357,472593.3951,465000,391.8700309,491
2012,West Region,CLEMENTI,Low,76.80769231,41899164,402876.5769,375444,487.3013866,104
2012,West Region,CLEMENTI,Low-Mid,81.68493151,31711888,434409.4247,401000,494.0690341,73
2012,West Region,CLEMENTI,Mid,80.69158879,47262588,441706.4299,405000,508.5525078,107
2012,West Region,CLEMENTI,Mid-High,79.825,34643496,433043.7,398000,503.9914202,80
2012,West Region,CLEMENTI,High,86.57819905,103334308,489736.0569,448000,525.5135012,211
2012,West Region,JURONG EAST,Low,91.05,32296288,403703.6,362944,411.9201317,80
2012,West Region,JURONG EAST,Low-Mid,88.90277778,27970200,388475,348500,405.9551826,72
2012,West Region,JURONG EAST,Mid,89.90265487,46182688,408696.354,370000,422.3364763,113
2012,West Region,JURONG EAST,Mid-High,90.92982456,23369800,409996.4912,377000,418.8939929,57
2012,West Region,JURONG EAST,High,96.05633803,95982941,450624.1362,434000,435.8316538,213
2012,West Region,JURONG WEST,Low,102.746875,137342257,429194.5531,427000,388.0752317,320
2012,West Region,JURONG WEST,Low-Mid,101.7355769,87008876,418311.9038,418000,381.9950338,208
2012,West Region,JURONG WEST,Mid,104.2628726,162038416,439128.4986,437000,391.2841736,369
2012,West Region,JURONG WEST,Mid-High,106.0259067,86333629,447324.5026,449000,391.9593584,193
2012,West Region,JURONG WEST,High,102.2116528,385454959,458329.321,459000,416.588787,841
2013,Central Region,BISHAN,Low,110.8108108,44360276,599463.1892,570000,502.5864005,74
2013,Central Region,BISHAN,Mid,98.77777778,39829916,553193.2778,535000,520.2930062,72
2013,Central Region,BISHAN,High,107.2876712,92069543,630613.3082,622500,546.0641416,146
2013,Central Region,BUKIT MERAH,Low,84.27102804,57191826,534503.0467,558000,589.2535922,107
2013,Central Region,BUKIT MERAH,Mid,79.07534247,73007352,500050.3562,447000,587.4934177,146
2013,Central Region,BUKIT MERAH,High,88.17312073,270174878,615432.5239,663888,648.4471372,439
2013,Central Region,BUKIT TIMAH,Low,90.8,2845000,569000,565000,582.1793053,5
2013,Central Region,BUKIT TIMAH,Mid,111.7,7178000,717800,724500,597.008654,10
2013,Central Region,BUKIT TIMAH,High,106.9473684,13036888,686152,670000,596.0470962,19
2013,Central Region,CENTRAL AREA,Low,72.625,3302000,412750,390500,527.9967899,8
2013,Central Region,CENTRAL AREA,Mid,75.88888889,8262776,459043.1111,450000,561.9602871,18
2013,Central Region,CENTRAL AREA,High,71,35604742,481145.1622,488444,629.5759367,74
2013,Central Region,GEYLANG,Low,77.51487603,48202800,398370.2479,380000,477.4547131,121
2013,Central Region,GEYLANG,Mid,73.71101695,46541776,394421.8305,349000,497.1173113,118
2013,Central Region,GEYLANG,High,78.03899614,115614270,446387.1429,388000,531.4107661,259
2013,Central Region,KALLANG/WHAMPOA,Low,86.85869565,44533264,484057.2174,444500,517.7424115,92
2013,Central Region,KALLANG/WHAMPOA,Mid,79.87475728,46749442,453878.0777,420000,527.9101364,103
2013,Central Region,KALLANG/WHAMPOA,High,82.46317568,148754829,502550.098,466500,566.1736485,296
2013,Central Region,MARINE PARADE,Low,77.15384615,6222000,478615.3846,450000,576.3143313,13
2013,Central Region,MARINE PARADE,Mid,78.3030303,16700576,506078.0606,440000,600.439544,33
2013,Central Region,MARINE PARADE,High,90.984375,40250464,628913.5,546000,642.176556,64
2013,Central Region,QUEENSTOWN,Low,66.2755102,40067388,408850.898,345500,573.1155893,98
2013,Central Region,QUEENSTOWN,Mid,66.14942529,36733176,422220.4138,375000,592.9847127,87
2013,Central Region,QUEENSTOWN,High,78.69896194,163304367,565067.0138,515000,667.0544681,289
2013,Central Region,TOA PAYOH,Low,82.53153153,48240388,434598.0901,373000,489.2132991,111
2013,Central Region,TOA PAYOH,Mid,79.5503876,55708026,431845.1628,376500,504.331512,129
2013,Central Region,TOA PAYOH,High,84.571875,170786280,533707.125,442500,586.2831156,320
2013,East Region,BEDOK,Low,87.84545455,94565496,429843.1636,405000,454.5912532,220
2013,East Region,BEDOK,Mid,86.59075908,132068616,435870.0198,415000,467.6444635,303
2013,East Region,BEDOK,High,86.8013468,271177378,456527.5724,430000,488.6196116,594
2013,East Region,PASIR RIS,Low,122.8285714,72327726,516626.6143,503000,390.7578579,140
2013,East Region,PASIR RIS,Mid,120.7737226,71976276,525374.2774,485000,404.1352181,137
2013,East Region,PASIR RIS,High,122.3065134,141082960,540547.7395,522000,410.5960955,261
2013,East Region,TAMPINES,Low,104.5,149602352,482588.2323,474000,429.0330836,310
2013,East Region,TAMPINES,Mid,102.4115854,158694328,483824.1707,470000,438.9032708,328
2013,East Region,TAMPINES,High,104.6746204,232990568,505402.5336,500000,448.566014,461
2013,North Region,SEMBAWANG,Low,106.984127,28986588,460104.5714,455000,399.5466989,63
2013,North Region,SEMBAWANG,Mid,107.6707317,39115940,477023.6585,470000,411.5973786,82
2013,North Region,SEMBAWANG,High,109.9104478,99915240,497090.7463,490000,420.171941,201
2013,North Region,WOODLANDS,Low,105.7150997,151407940,431361.6524,420000,379.0834776,351
2013,North Region,WOODLANDS,Mid,107.8683544,176855961,447736.6101,434000,385.6194217,395
2013,North Region,WOODLANDS,High,108.4100719,319673496,459961.8647,450000,394.1690666,695
2013,North Region,YISHUN,Low,90.68686869,117115540,394328.4175,372000,403.9652568,297
2013,North Region,YISHUN,Mid,89.39252336,128780192,401184.3988,377000,416.9396378,321
2013,North Region,YISHUN,High,90.41004184,198024495,414277.1862,385500,425.7010224,478
2013,North-East Region,ANG MO KIO,Low,79.23333333,60588964,403926.4267,360000,473.6141686,150
2013,North-East Region,ANG MO KIO,Mid,78.80193237,86022164,415566.0097,382500,489.9293941,207
2013,North-East Region,ANG MO KIO,High,82.35128806,193965508,454251.7752,408888,512.4560001,427
2013,North-East Region,HOUGANG,Low,98.64766839,87837464,455116.3938,431000,428.6136524,193
2013,North-East Region,HOUGANG,Mid,98.625,107727984,464344.7586,439500,437.4051349,232
2013,North-East Region,HOUGANG,High,100.0917874,199877956,482796.9952,467500,448.1221997,414
2013,North-East Region,PUNGGOL,Low,106.2545455,28248988,513617.9636,515000,449.0792953,55
2013,North-East Region,PUNGGOL,Mid,104.78125,33856276,529004.3125,526500,469.0357899,64
2013,North-East Region,PUNGGOL,High,103.2478632,127029302,542860.265,540900,488.4693603,234
2013,North-East Region,SENGKANG,Low,105.6766467,83745664,501471.0419,503000,440.8564314,167
2013,North-East Region,SENGKANG,Mid,104.36,90974203,519852.5886,515000,462.7820292,175
2013,North-East Region,SENGKANG,High,102.5824,335936316,537498.1056,538000,486.7819073,625
2013,North-East Region,SERANGOON,Low,99.02325581,41082863,477707.7093,475000,448.1830153,86
2013,North-East Region,SERANGOON,Mid,88.21212121,45591388,460519.0707,428000,485.0088906,99
2013,North-East Region,SERANGOON,High,99.73888889,94793535,526630.75,500500,490.5372972,180
2013,West Region,BUKIT BATOK,Low,88.78518519,55597328,411832.0593,365000,430.9332376,135
2013,West Region,BUKIT BATOK,Mid,87.97969543,82110364,416803.8782,362000,440.128653,197
2013,West Region,BUKIT BATOK,High,92.20677966,134433687,455707.4136,412000,459.1489389,295
2013,West Region,BUKIT PANJANG,Low,104.9891304,40462276,439807.3478,414500,389.1781844,92
2013,West Region,BUKIT PANJANG,Mid,106.2336449,48684902,454999.0841,428000,397.9044405,107
2013,West Region,BUKIT PANJANG,High,106.3920266,149697604,497334.2326,480000,434.2797886,301
2013,West Region,CHOA CHU KANG,Low,110.4552846,55500964,451227.3496,442000,379.524015,123
2013,West Region,CHOA CHU KANG,Mid,112.6987179,73783764,472972.8462,451000,389.8949213,156
2013,West Region,CHOA CHU KANG,High,111.3555556,151974208,482457.8032,472000,402.5110354,315
2013,West Region,CLEMENTI,Low,83.83146067,40552288,455643.6854,405000,504.9503391,89
2013,West Region,CLEMENTI,Mid,79.90291262,45797988,444640.6602,405000,516.9837702,103
2013,West Region,CLEMENTI,High,86.1559633,111349940,510779.5413,468000,550.7804249,218
2013,West Region,JURONG EAST,Low,92.43373494,34519600,415898.7952,375000,418.0108033,83
2013,West Region,JURONG EAST,Mid,90.23529412,42979959.43,421372.1513,372000,433.8301558,102
2013,West Region,JURONG EAST,High,99.77669903,99589688,483445.0874,458500,450.1407863,206
2013,West Region,JURONG WEST,Low,101.3627119,126081664,427395.4712,428000,391.7256775,295
2013,West Region,JURONG WEST,Mid,103.0090634,150118319,453529.6647,447000,409.035127,331
2013,West Region,JURONG WEST,High,101.4023904,349124451,463644.6892,467500,424.7833075,753
2014,Central Region,BISHAN,Low,102.1538462,34442276,529881.1692,505000,481.8968737,65
2014,Central Region,BISHAN,Mid,102.9259259,46334364,572029.1852,530000,516.3257092,81
2014,Central Region,BISHAN,High,104.5912409,82064376,599010.0438,570000,532.0704435,137
2014,Central Region,BUKIT MERAH,Low,80.05825243,49696300,482488.3495,470000,559.9007779,103
2014,Central Region,BUKIT MERAH,Mid,78.95620438,65383163,477249.365,404000,561.5513068,137
2014,Central Region,BUKIT MERAH,High,85.77464789,242221396,568594.8263,586500,615.8490919,426
2014,Central Region,BUKIT TIMAH,Mid,100.5555556,5407000,600777.7778,430000,555.0577054,9
2014,Central Region,BUKIT TIMAH,High,105.7058824,11721500,689500,710000,605.990004,17
2014,Central Region,CENTRAL AREA,Low,79,2555000,425833.3333,420000,500.7753099,6
2014,Central Region,CENTRAL AREA,Mid,70.79166667,10202689,425112.0417,415000,557.8939032,24
2014,Central Region,CENTRAL AREA,High,69.8875,38172182,477152.275,460000,634.289963,80
2014,Central Region,GEYLANG,Low,71.56504854,36584052,355184.9709,300888,461.0881451,103
2014,Central Region,GEYLANG,Mid,74.8661157,46157264,381464.9917,345000,473.3689113,121
2014,Central Region,GEYLANG,High,80.10130435,100093126,435187.5043,393000,504.739362,230
2014,Central Region,KALLANG/WHAMPOA,Low,82.4945055,41944999,460934.0549,400000,519.0917398,91
2014,Central Region,KALLANG/WHAMPOA,Mid,76.97410714,46851826.8,418319.8821,378500,504.8870042,112
2014,Central Region,KALLANG/WHAMPOA,High,83.65638298,134298004,476234.0567,432500,528.873385,282
2014,Central Region,MARINE PARADE,Low,79.39130435,10729000,466478.2609,400000,545.8694856,23
2014,Central Region,MARINE PARADE,Mid,72.1,13042288,434742.9333,422500,560.1800168,30
2014,Central Region,MARINE PARADE,High,88.06122449,56008631,571516.6429,533500,602.9405703,98
2014,Central Region,QUEENSTOWN,Low,73.92647059,29925388,440079.2353,342500,553.0459934,68
2014,Central Region,QUEENSTOWN,Mid,71.01149425,36737552,422270.7126,378000,552.4495898,87
2014,Central Region,QUEENSTOWN,High,79.86688312,171114380.9,555566.1717,512500,646.2482847,308
2014,Central Region,TOA PAYOH,Low,82.94565217,38610944,419684.1739,350000,470.0665111,92
2014,Central Region,TOA PAYOH,Mid,75.89552239,53010664,395601.9701,345944,484.2533534,134
2014,Central Region,TOA PAYOH,High,80.89547038,132155844,460473.324,388888,528.8233425,287
2014,East Region,BEDOK,Low,84.50239234,81157156,388311.7512,360000,426.9154525,209
2014,East Region,BEDOK,Mid,83.56989247,111598116,399993.2473,365000,444.6652199,279
2014,East Region,BEDOK,High,86.96529969,274989684,433737.6719,410000,463.35248,634
2014,East Region,PASIR RIS,Low,120.7734375,61242776,478459.1875,450000,368.0474529,128
2014,East Region,PASIR RIS,Mid,122.7578125,63777388,498260.8438,480000,377.0838772,128
2014,East Region,PASIR RIS,High,120.6806084,133677992,508281.3384,485000,391.2884419,263
2014,East Region,TAMPINES,Low,100.1527778,127259116,441871.9306,430000,409.886638,288
2014,East Region,TAMPINES,Mid,101.9047619,173465901,458904.5,445000,418.3677346,378
2014,East Region,TAMPINES,High,104.0536278,311303366,491014.7729,475000,438.3971055,634
2014,North Region,SEMBAWANG,Low,103.42,20098000,401960,400000,361.0843367,50
2014,North Region,SEMBAWANG,Mid,104.8493151,31050576,425350.3562,418000,376.8873394,73
2014,North Region,SEMBAWANG,High,104.8378378,112536338,434503.2355,425000,385.0395179,259
2014,North Region,WOODLANDS,Low,101.7715447,95170502,386871.9593,372000,353.1597756,246
2014,North Region,WOODLANDS,Mid,106.3171521,126570692,409613.89,392888,357.9329551,309
2014,North Region,WOODLANDS,High,106.8368263,282456952,422839.7485,410000,367.6928399,668
2014,North Region,YISHUN,Low,90.4765625,92716288,362173,340000,371.8864238,256
2014,North Region,YISHUN,Mid,87.34722222,129812704,360590.8444,338000,383.5269996,360
2014,North Region,YISHUN,High,88.83783784,206895582,372784.8324,355000,389.843771,555
2014,North-East Region,ANG MO KIO,Low,79.21276596,53155828,376991.6879,345000,442.1472642,141
2014,North-East Region,ANG MO KIO,Mid,80.61860465,85410592,397258.5674,370000,457.7921493,215
2014,North-East Region,ANG MO KIO,High,82.0472973,190686307,429473.6644,379500,486.2981347,444
2014,North-East Region,HOUGANG,Low,97.44970414,71605740,423702.6036,393000,403.9345051,169
2014,North-East Region,HOUGANG,Mid,97.58078603,100066516,436971.6856,420000,416.0249054,229
2014,North-East Region,HOUGANG,High,97.83098592,189667007,445227.716,430000,422.8010987,426
2014,North-East Region,PUNGGOL,Low,98.46341463,17709000,431926.8293,430000,407.5356769,41
2014,North-East Region,PUNGGOL,Mid,102.2682927,38027852,463754.2927,457500,421.2862478,82
2014,North-East Region,PUNGGOL,High,104.3968254,153899296.9,488569.1964,485000,434.7795764,315
2014,North-East Region,SENGKANG,Low,102.336,54711576.88,437692.615,425000,397.3480874,125
2014,North-East Region,SENGKANG,Mid,103.0378378,87146277,471060.9568,468000,424.7278299,185
2014,North-East Region,SENGKANG,High,103.2033133,322460680,485633.5542,484000,437.1650071,664
2014,North-East Region,SERANGOON,Low,93.75728155,45556376,442294.9126,405000,438.2654984,103
2014,North-East Region,SERANGOON,Mid,94.99029126,48340064,469321.0097,450000,459.0089172,103
2014,North-East Region,SERANGOON,High,97.56,74760928,498406.1867,476000,474.6155669,150
2014,West Region,BUKIT BATOK,Low,89.95575221,43530464,385225.3451,350000,397.8471571,113
2014,West Region,BUKIT BATOK,Mid,90.56470588,67298252,395872.0706,370000,406.0936768,170
2014,West Region,BUKIT BATOK,High,91.33234421,141007381,418419.5282,395000,425.6157456,337
2014,West Region,BUKIT PANJANG,Low,104.3894737,38411576,404332.3789,400000,359.8422542,95
2014,West Region,BUKIT PANJANG,Mid,103.5480769,42199181,405761.3558,390000,364.0482862,104
2014,West Region,BUKIT PANJANG,High,103.1804734,152182830,450245.0592,440000,405.3981713,338
2014,West Region,CHOA CHU KANG,Low,111.0405405,30633164,413961.6757,390000,346.3449939,74
2014,West Region,CHOA CHU KANG,Mid,110.0833333,50843075,423692.2917,407500,357.5685694,120
2014,West Region,CHOA CHU KANG,High,108.7870968,132382987.9,427041.8964,410000,364.6896549,310
2014,West Region,CLEMENTI,Low,84.56578947,34323164,451620.5789,395000,496.1458478,76
2014,West Region,CLEMENTI,Mid,81.9375,55141839,430795.6172,390444,488.4486491,128
2014,West Region,CLEMENTI,High,82.29949239,90104140,457381.4213,410000,516.3113935,197
2014,West Region,JURONG EAST,Low,92.05617978,35088100,394248.3146,365000,397.8755416,89
2014,West Region,JURONG EAST,Mid,89.21818182,43569188,396083.5273,342500,412.4428299,110
2014,West Region,JURONG EAST,High,94.095,88225216,441126.08,413500,435.5384825,200
2014,West Region,JURONG WEST,Low,97.46979866,115681128,388191.7047,390000,370.0040922,298
2014,West Region,JURONG WEST,Mid,102.3481013,131705652,416790.038,410000,378.3274781,316
2014,West Region,JURONG WEST,High,100.7516426,329182824,432566.1288,438000,398.8694003,761
2015,Central Region,BISHAN,Low,103.7222222,38260188,531391.5,502500,475.9629373,72
2015,Central Region,BISHAN,Mid,99.3164557,43503276,550674.3797,535000,515.1147721,79
2015,Central Region,BISHAN,High,105.79375,99010384.88,618814.9055,605000,543.4143468,160
2015,Central Region,BUKIT MERAH,Low,81.03738318,51851852,484596.7477,475000,555.5529169,107
2015,Central Region,BUKIT MERAH,Mid,77.37704918,56227576,460881.7705,415000,553.3599362,122
2015,Central Region,BUKIT MERAH,High,86.24396135,235054708,567764.9952,582500,611.603923,414
2015,Central Region,BUKIT TIMAH,Low,115,5911000,738875,727500,596.9026096,8
2015,Central Region,BUKIT TIMAH,Mid,110,4190000,698333.3333,804000,589.7941126,6
2015,Central Region,BUKIT TIMAH,High,112.65,14578776,728938.8,818000,601.1601956,20
2015,Central Region,CENTRAL AREA,Low,74,1938000,387600,380000,486.6115291,5
2015,Central Region,CENTRAL AREA,Mid,79.72222222,9809800,544988.8889,455000,635.0948598,18
2015,Central Region,CENTRAL AREA,High,87.2974359,142596084,731261.9692,835000,778.2190281,195
2015,Central Region,GEYLANG,Low,81.10238095,49353576,391695.0476,325650,448.6883796,126
2015,Central Region,GEYLANG,Mid,79.38859649,44304000,388631.5789,327500,454.7893735,114
2015,Central Region,GEYLANG,High,82.56678832,122542052,447233.7664,405500,503.2219073,274
2015,Central Region,KALLANG/WHAMPOA,Low,87.2,41277875,458643.0556,425000,488.6396258,90
2015,Central Region,KALLANG/WHAMPOA,Mid,82.66386555,52910864,444629.1092,393000,499.7036568,119
2015,Central Region,KALLANG/WHAMPOA,High,83.41750842,145297644.9,489217.6595,448000,544.8478699,297
2015,Central Region,MARINE PARADE,Low,78.33333333,6677000,445133.3333,388000,527.9269774,15
2015,Central Region,MARINE PARADE,Mid,80.82352941,8224888,483816.9412,440000,556.1265199,17
2015,Central Region,MARINE PARADE,High,92.15384615,47030888,602960.1026,545000,607.8626457,78
2015,Central Region,QUEENSTOWN,Low,76.1971831,31857188,448692.7887,357000,547.067001,71
2015,Central Region,QUEENSTOWN,Mid,77.375,44154376,459941.4167,380000,552.2455209,96
2015,Central Region,QUEENSTOWN,High,81.62654321,182932920,564607.7778,525500,642.6075105,324
2015,Central Region,TOA PAYOH,Low,80.59047619,40740252,388002.4,330000,447.2816029,105
2015,Central Region,TOA PAYOH,Mid,81.83703704,55288064,409541.2148,345000,464.9198219,135
2015,Central Region,TOA PAYOH,High,83.78807947,140177212,464162.9536,382750,514.6578302,302
2015,East Region,BEDOK,Low,87.23529412,97418910,382034.9412,355000,406.8564464,255
2015,East Region,BEDOK,Mid,84.55820896,129705122,387179.4687,350000,425.3896212,335
2015,East Region,BEDOK,High,86.93769968,261733792,418105.099,385000,446.7943421,626
2015,East Region,PASIR RIS,Low,123.1388889,66748207,463529.2153,450000,349.7133626,144
2015,East Region,PASIR RIS,Mid,122.0058824,78818776,463639.8588,446500,353.0452237,170
2015,East Region,PASIR RIS,High,121.6208054,146074180,490181.8121,466500,374.4377817,298
2015,East Region,TAMPINES,Low,100.8869258,118453972,418565.2721,401000,385.441657,283
2015,East Region,TAMPINES,Mid,103.7191601,170700728,448033.4068,428000,401.3116357,381
2015,East Region,TAMPINES,High,104.4409938,301069754,467499.618,445000,415.8537387,644
2015,North Region,SEMBAWANG,Low,105.3055556,27622300,383643.0556,380000,338.4592621,72
2015,North Region,SEMBAWANG,Mid,107.4285714,36592552,402115.956,398000,347.7457664,91
2015,North Region,SEMBAWANG,High,107.5892857,140317567,417611.8065,407750,360.6069476,336
2015,North Region,WOODLANDS,Low,108.3723404,109543940,388453.6879,362000,333.0052972,282
2015,North Region,WOODLANDS,Mid,107.3543046,118528856,392479.6556,380000,339.6471949,302
2015,North Region,WOODLANDS,High,107.4767081,260942727,405190.5699,390000,350.2477218,644
2015,North Region,YISHUN,Low,93.37209302,91437828,354410.186,339500,352.6301541,258
2015,North Region,YISHUN,Mid,91.90333333,108181132,360603.7733,338000,364.5267041,300
2015,North Region,YISHUN,High,92.44234801,176377014.9,369763.1339,350000,371.6062303,477
2015,North-East Region,ANG MO KIO,Low,81.33522727,64364940,365709.8864,323000,417.7229747,176
2015,North-East Region,ANG MO KIO,Mid,80.24299065,81244656,379647.9252,340000,439.545937,214
2015,North-East Region,ANG MO KIO,High,81.84046693,213364795,415106.6051,366500,471.2180209,514
2015,North-East Region,HOUGANG,Low,99.26020408,79526664,405748.2857,375000,379.7623231,196
2015,North-East Region,HOUGANG,Mid,95.53648069,94523756,405681.3562,380000,394.4992265,233
2015,North-East Region,HOUGANG,High,100.4989775,214727303,439115.1391,415000,405.9262275,489
2015,North-East Region,PUNGGOL,Low,101.7272727,27151238,411382.3939,405000,375.6977943,66
2015,North-East Region,PUNGGOL,Mid,102.5983607,52913940,433720.8197,427000,392.735531,122
2015,North-East Region,PUNGGOL,High,103.1227273,199498543,453405.7795,450000,408.4726728,440
2015,North-East Region,SENGKANG,Low,102.0522876,63028660,411952.0261,400000,375.0198404,153
2015,North-East Region,SENGKANG,Mid,102.3672566,96258075,425920.6858,412500,386.543179,226
2015,North-East Region,SENGKANG,High,102.250941,365018358.9,457990.4126,450388,416.1207943,797
2015,North-East Region,SERANGOON,Low,97.39534884,38867664,451949.5814,420000,431.1040637,86
2015,North-East Region,SERANGOON,Mid,97.52727273,51623494,469304.4909,447000,447.0529613,110
2015,North-East Region,SERANGOON,High,96.425,95405240,477026.2,465000,459.6030804,200
2015,West Region,BUKIT BATOK,Low,90.64497041,61716852,365188.4734,330000,374.2860969,169
2015,West Region,BUKIT BATOK,Mid,87.20430108,67189776,361235.3548,321000,384.8422003,186
2015,West Region,BUKIT BATOK,High,95.03108808,160905780,416854.3523,408000,407.5200529,386
2015,West Region,BUKIT PANJANG,Low,103.5333333,44817420,373478.5,357500,335.1318893,120
2015,West Region,BUKIT PANJANG,Mid,102.4566929,48458163,381560.3386,353000,345.981787,127
2015,West Region,BUKIT PANJANG,High,106.7911548,178227907,437906.4054,425000,380.9573531,407
2015,West Region,CHOA CHU KANG,Low,110.6269841,47493352,376931.3651,352500,316.5421516,126
2015,West Region,CHOA CHU KANG,Mid,112.8431373,81909228,401515.8235,380000,330.5657537,204
2015,West Region,CHOA CHU KANG,High,110.1748401,189617447,404301.5928,388000,340.9206981,469
2015,West Region,CLEMENTI,Low,86.13186813,39763276,436959.0769,410000,471.3106399,91
2015,West Region,CLEMENTI,Mid,79.125,48715875,405965.625,369500,476.6568998,120
2015,West Region,CLEMENTI,High,84.48178138,113447468,459301.4899,408000,505.0857745,247
2015,West Region,JURONG EAST,Low,90.5,36345764,378601.7083,355500,388.6550684,96
2015,West Region,JURONG EAST,Mid,94.0990099,41470500,410599.0099,370000,405.3808132,101
2015,West Region,JURONG EAST,High,98.20792079,91286928,451915.4851,411000,427.5048559,202
2015,West Region,JURONG WEST,Low,100.4689441,121154004,376254.6708,370000,347.9208115,322
2015,West Region,JURONG WEST,Mid,103.1355932,141979192,401071.1638,388944,361.2794116,354
2015,West Region,JURONG WEST,High,102.2316754,321151879,420355.8626,420000,381.9987803,764
2016,Central Region,BISHAN,Low,104.2804878,46310997,564768.2561,548500,503.1501076,82
2016,Central Region,BISHAN,Mid,105.3434343,58396775,589866.4141,580000,520.2074191,99
2016,Central Region,BISHAN,High,107.3005181,127355548,659873.3057,660000,571.3327066,193
2016,Central Region,BUKIT MERAH,Low,86.08474576,57501740,487302.8814,499000,525.899943,118
2016,Central Region,BUKIT MERAH,Mid,80.56589147,61271352,474971.7209,430000,547.7052222,129
2016,Central Region,BUKIT MERAH,High,87.64842105,276236404,581550.3242,595000,616.4155003,475
2016,Central Region,BUKIT TIMAH,Low,120.875,6060000,757500,811000,582.2057572,8
2016,Central Region,BUKIT TIMAH,Mid,102.625,5029888,628736,627944,569.1745899,8
2016,Central Region,BUKIT TIMAH,High,106.7105263,26654800,701442.1053,700000,610.6817132,38
2016,Central Region,CENTRAL AREA,Low,68.75,1566000,391500,385500,529.0410961,4
2016,Central Region,CENTRAL AREA,Mid,75.89473684,9800776,515830.3158,476000,631.4304895,19
2016,Central Region,CENTRAL AREA,High,82.14201183,110529424,654020.2604,596000,739.7010111,169
2016,Central Region,GEYLANG,Low,80.39016393,45731076,374844.8852,307500,433.1905965,122
2016,Central Region,GEYLANG,Mid,79.95887097,49177152,396589.9355,335500,460.7924781,124
2016,Central Region,GEYLANG,High,84.03823529,124639225,458232.4449,414200,506.569756,272
2016,Central Region,KALLANG/WHAMPOA,Low,83.71568628,45900940,450009.2157,410000,499.3958299,102
2016,Central Region,KALLANG/WHAMPOA,Mid,84.10084034,54819439,460667.5546,415000,508.8826402,119
2016,Central Region,KALLANG/WHAMPOA,High,86.44019139,227734656,544819.7512,515000,585.5546975,418
2016,Central Region,MARINE PARADE,Low,76.55555556,7782000,432333.3333,388000,524.6532343,18
2016,Central Region,MARINE PARADE,Mid,80.68181818,10815000,491590.9091,470000,566.054845,22
2016,Central Region,MARINE PARADE,High,87.92,42760552,570140.6933,495000,602.4551285,75
2016,Central Region,QUEENSTOWN,Low,77.79411765,31716664,466421.5294,368500,557.0089519,68
2016,Central Region,QUEENSTOWN,Mid,80.67441861,41793164,485967.0233,397500,559.6304042,86
2016,Central Region,QUEENSTOWN,High,82.86196319,188836296,579252.4417,580000,649.4459312,326
2016,Central Region,TOA PAYOH,Low,78.79807692,38394800,369180.7692,313500,435.2650509,104
2016,Central Region,TOA PAYOH,Mid,78.32061069,50160967,382908.145,315000,454.2018356,131
2016,Central Region,TOA PAYOH,High,85.96540881,156905484,493413.4717,420000,533.2337331,318
2016,East Region,BEDOK,Low,88.95319149,90671375,385835.6383,365000,402.9685481,235
2016,East Region,BEDOK,Mid,85.08588957,126481602,387980.3742,358000,423.6259536,326
2016,East Region,BEDOK,High,89.91278196,286328880,430569.7444,395000,444.8897701,665
2016,East Region,PASIR RIS,Low,123.2666667,55884488,465704.0667,445000,350.9899843,120
2016,East Region,PASIR RIS,Mid,120.0055556,83699968,464999.8222,440000,359.9828249,180
2016,East Region,PASIR RIS,High,123.3919414,134091435,491177.4176,468000,369.8128007,273
2016,East Region,TAMPINES,Low,102.4705882,144811118,425915.0529,410000,386.1482809,340
2016,East Region,TAMPINES,Mid,102.7783784,166064268,448822.3459,428000,405.6981767,370
2016,East Region,TAMPINES,High,103.9012346,308164172,475561.9938,452500,425.2230291,648
2016,North Region,SEMBAWANG,Low,108.6666667,24333128,386240.127,383000,330.2108898,63
2016,North Region,SEMBAWANG,Mid,107.5855856,44255440,398697.6577,388000,344.2864588,111
2016,North Region,SEMBAWANG,High,108.2991202,142985460,419312.1994,410000,359.7020516,341
2016,North Region,WOODLANDS,Low,110.2698413,98348544,390272,370000,328.8069512,252
2016,North Region,WOODLANDS,Mid,108.7797101,135919727,393970.2232,380000,336.4696116,345
2016,North Region,WOODLANDS,High,108.621447,314684910,406569.6512,392000,347.7360517,774
2016,North Region,YISHUN,Low,94.63178295,92322097,357837.5853,340000,351.3009122,258
2016,North Region,YISHUN,Mid,91.2969697,118395536,358774.3515,340000,365.0861611,330
2016,North Region,YISHUN,High,92.10169492,198554303,373925.2411,360000,377.1790006,531
2016,North-East Region,ANG MO KIO,Low,81.56129032,56886381,367008.9097,325000,418.0448382,155
2016,North-East Region,ANG MO KIO,Mid,80.40086207,87505616,377179.3793,335000,435.8304622,232
2016,North-East Region,ANG MO KIO,High,85.48392857,252624552,451115.2714,391000,490.2678359,560
2016,North-East Region,HOUGANG,Low,100.2510823,92165216.88,398983.6229,360000,369.7399221,231
2016,North-East Region,HOUGANG,Mid,99.16791045,109358804,408055.2388,380000,382.2769754,268
2016,North-East Region,HOUGANG,High,100.6605691,210848674,428554.2154,400000,395.5275467,492
2016,North-East Region,PUNGGOL,Low,97.81818182,36361887,413203.2614,409000,392.4411143,88
2016,North-East Region,PUNGGOL,Mid,98.34545455,71518404,433444.8727,430000,409.4585307,165
2016,North-East Region,PUNGGOL,High,100.4005979,307576083.8,459754.9832,450000,425.4225355,669
2016,North-East Region,SENGKANG,Low,102.0730337,72021988,404617.9101,393000,368.2683751,178
2016,North-East Region,SENGKANG,Mid,102.634058,117657692,426295.9855,415000,385.8780614,276
2016,North-East Region,SENGKANG,High,101.5722952,444071576,449010.6936,443000,410.6877638,989
2016,North-East Region,SERANGOON,Low,93.31683168,42078216,416616,400000,414.7690151,101
2016,North-East Region,SERANGOON,Mid,98.65289256,57646164,476414.5785,450000,448.647823,121
2016,North-East Region,SERANGOON,High,100.2211538,106618732,512590.0577,488000,475.1613695,208
2016,West Region,BUKIT BATOK,Low,91.79354839,56089539,361867.9935,330000,366.2421794,155
2016,West Region,BUKIT BATOK,Mid,89.84951456,76010592,368983.4563,332500,381.5236859,206
2016,West Region,BUKIT BATOK,High,94.69674186,165321219,414338.8947,400000,406.4910725,399
2016,West Region,BUKIT PANJANG,Low,100.7615385,47208440,363141.8462,335000,334.8203553,130
2016,West Region,BUKIT PANJANG,Mid,102.8439306,67141524,388101.2948,368000,350.5877769,173
2016,West Region,BUKIT PANJANG,High,103.2063492,188388018,427183.7143,405000,384.5374282,441
2016,West Region,CHOA CHU KANG,Low,112.8924051,59854596,378826.557,365000,311.7496949,158
2016,West Region,CHOA CHU KANG,Mid,109.6803279,92824371,380427.75,364000,322.2358044,244
2016,West Region,CHOA CHU KANG,High,110.7891037,228668160,401877.2583,388000,336.9975376,569
2016,West Region,CLEMENTI,Low,83.28409091,35602040,404568.6364,368944,451.2949853,88
2016,West Region,CLEMENTI,Mid,77.62711864,45999388,389825.322,351000,466.5378951,118
2016,West Region,CLEMENTI,High,84.97026022,127545156,474145.5613,410000,518.4120487,269
2016,West Region,JURONG EAST,Low,90.48913044,34399688,373909.6522,350000,383.8845265,92
2016,West Region,JURONG EAST,Mid,92.18421053,45047388,395152.5263,360000,398.2342125,114
2016,West Region,JURONG EAST,High,100.7488987,107309220,472727.8414,451000,435.9144034,227
2016,West Region,JURONG WEST,Low,101.5244755,109499126,382864.0769,371500,350.3516851,286
2016,West Region,JURONG WEST,Mid,101.3801653,142429207,392366.9614,390000,359.5586837,363
2016,West Region,JURONG WEST,High,101.2953692,337472031.8,422367.9997,422000,387.375153,799
2017,Central Region,BISHAN,Low,104.3522727,51893928,589703.7273,560000,525.00363,88
2017,Central Region,BISHAN,Mid,105.8857143,65600076,624762.6286,595000,548.1608547,105
2017,Central Region,BISHAN,High,109.1146245,176547691,697816.9605,710000,594.1401533,253
2017,Central Region,BUKIT MERAH,Low,84.30701754,56484262,495475.9825,513444,545.995706,114
2017,Central Region,BUKIT MERAH,Mid,85.1192053,76287828,505217.404,503000,551.4181899,151
2017,Central Region,BUKIT MERAH,High,87.37234043,335193593.9,594314.8828,605000,631.9358334,564
2017,Central Region,BUKIT TIMAH,Low,123.6363636,8236776,748797.8182,876888,562.6634344,11
2017,Central Region,BUKIT TIMAH,Mid,107.2857143,9439776,674269.7143,633944,583.8779867,14
2017,Central Region,BUKIT TIMAH,High,103.28125,22046776,688961.75,702000,619.732071,32
2017,Central Region,CENTRAL AREA,Low,73.75,1450000,362500,362500,456.6425029,4
2017,Central Region,CENTRAL AREA,Mid,75.08571429,18218276,520522.1714,448000,644.0391408,35
2017,Central Region,CENTRAL AREA,High,83.52447552,93994187,657302.007,620000,731.1080179,143
2017,Central Region,GEYLANG,Low,79.85853659,46107276,374855.9024,315000,436.0872123,123
2017,Central Region,GEYLANG,Mid,77.374,56913292,379421.9467,320000,455.5727557,150
2017,Central Region,GEYLANG,High,85.53265306,137919655,469114.4728,440000,509.5387697,294
2017,Central Region,KALLANG/WHAMPOA,Low,88.31067961,46945552,455782.0583,408000,479.4842476,103
2017,Central Region,KALLANG/WHAMPOA,Mid,83.14184397,61742646,437891.1064,370000,489.3018052,141
2017,Central Region,KALLANG/WHAMPOA,High,88.30872483,236013120,527993.557,510000,555.4632808,447
2017,Central Region,MARINE PARADE,Low,83.6,9561888,478094.4,470000,531.297442,20
2017,Central Region,MARINE PARADE,Mid,79.4,11693800,467752,430000,547.3000607,25
2017,Central Region,MARINE PARADE,High,86.73417722,43910800,555832.9114,485000,595.3664268,79
2017,Central Region,QUEENSTOWN,Low,78.48648649,34251776.88,462861.8497,361500,547.8817626,74
2017,Central Region,QUEENSTOWN,Mid,76.55102041,45325800,462508.1633,393000,561.3048101,98
2017,Central Region,QUEENSTOWN,High,86.18591549,215319567,606533.9915,655000,653.8064356,355
2017,Central Region,TOA PAYOH,Low,85.27927928,45755188,412208.9009,340000,449.0598114,111
2017,Central Region,TOA PAYOH,Mid,84.82352941,75080351,441649.1235,383000,483.7170321,170
2017,Central Region,TOA PAYOH,High,89.02991453,259584952,554668.7009,569444,578.7993692,468
2017,East Region,BEDOK,Low,86.64,86219440,383197.5111,345000,410.8985244,225
2017,East Region,BEDOK,Mid,86.41528239,120166408,399223.9468,360000,429.1967019,301
2017,East Region,BEDOK,High,92.74115756,277705886,446472.4855,415000,447.2522493,622
2017,East Region,PASIR RIS,Low,120.2177419,55285999,445854.8306,429000,344.5523812,124
2017,East Region,PASIR RIS,Mid,122.3664596,76800740,477023.2298,460000,362.1658355,161
2017,East Region,PASIR RIS,High,124.255132,170123684,498896.434,475000,373.0150979,341
2017,East Region,TAMPINES,Low,104.6276923,142907240,439714.5846,420000,390.4402389,325
2017,East Region,TAMPINES,Mid,106.3509749,168992988,470732.5571,450000,411.2094688,359
2017,East Region,TAMPINES,High,107.104065,303888863,494128.2325,470000,428.6117372,615
2017,North Region,SEMBAWANG,Low,107.2857143,28227888,366595.9481,355000,317.4505684,77
2017,North Region,SEMBAWANG,Mid,109.2342342,44029664,396663.6396,380000,337.3602964,111
2017,North Region,SEMBAWANG,High,105.3679525,133341622,395672.4688,390000,348.86519,337
2017,North Region,WOODLANDS,Low,106.445614,104317464,366026.1895,345000,319.4587108,285
2017,North Region,WOODLANDS,Mid,108.9604222,146813134,387369.7467,370000,330.2837965,379
2017,North Region,WOODLANDS,High,107.6758939,342949744,395559.105,380000,341.2897501,867
2017,North Region,YISHUN,Low,91.42657343,95957640,335516.2238,314500,340.9348743,286
2017,North Region,YISHUN,Mid,89.42011834,116708188,345290.497,322694,358.7399401,338
2017,North Region,YISHUN,High,91.18325434,230547414,364213.9242,340000,371.0836354,633
2017,North-East Region,ANG MO KIO,Low,77.82068966,47805740,329694.7586,290000,393.5929523,145
2017,North-East Region,ANG MO KIO,Mid,81.34841629,84618456,382888.9412,340000,437.2744137,221
2017,North-East Region,ANG MO KIO,High,86.53819444,265564679,461049.7899,400500,494.9602751,576
2017,North-East Region,HOUGANG,Low,102.6340206,78761040,405984.7423,367500,367.492699,194
2017,North-East Region,HOUGANG,Mid,100.9920635,105847428,420029.4762,389000,386.3873223,252
2017,North-East Region,HOUGANG,High,103.6910112,234809325.9,439717.8387,418000,393.9701523,534
2017,North-East Region,PUNGGOL,Low,97.792,51676096,413408.768,405000,392.7414152,125
2017,North-East Region,PUNGGOL,Mid,98.42672414,100325431.9,432437.2064,420000,408.1693291,232
2017,North-East Region,PUNGGOL,High,99.0354536,441362801,460232.3264,448000,431.7345158,959
2017,North-East Region,SENGKANG,Low,102.1832461,74967063,392497.712,380000,356.8517084,191
2017,North-East Region,SENGKANG,Mid,102.513308,111230721,422930.4981,420000,383.2825979,263
2017,North-East Region,SENGKANG,High,101.0111111,477394247,442031.7102,435000,406.5506155,1080
2017,North-East Region,SERANGOON,Low,94.4368932,43419988,421553.2816,380000,414.7067735,103
2017,North-East Region,SERANGOON,Mid,99.41538462,62607956,481599.6615,461500,450.0522338,130
2017,North-East Region,SERANGOON,High,106.2436548,104523745,530577.3858,510000,463.9552346,197
2017,West Region,BUKIT BATOK,Low,86.64556962,53192376,336660.6076,296500,360.9743037,158
2017,West Region,BUKIT BATOK,Mid,89.26373626,65665806,360801.1319,325000,375.5114431,182
2017,West Region,BUKIT BATOK,High,94.26767677,160561446,405458.197,396500,399.5890939,396
2017,West Region,BUKIT PANJANG,Low,104.0947368,36339552,382521.6,345000,341.3952998,95
2017,West Region,BUKIT PANJANG,Mid,105.8125,57333104,398146.5556,381500,349.5717536,144
2017,West Region,BUKIT PANJANG,High,105.2263736,205465101,451571.6505,440000,398.6873088,455
2017,West Region,CHOA CHU KANG,Low,109.5782313,53470188,363742.7755,345000,308.3901057,147
2017,West Region,CHOA CHU KANG,Mid,112.5483871,71999563,387094.4247,360000,319.5273122,186
2017,West Region,CHOA CHU KANG,High,110.2462845,187739964,398598.6497,388000,335.8939696,471
2017,West Region,CLEMENTI,Low,83.88095238,33092776,393961.619,363500,436.3358597,84
2017,West Region,CLEMENTI,Mid,84.71764706,38010240,447179.2941,415000,490.3860942,85
2017,West Region,CLEMENTI,High,86.69888476,138683347,515551.4758,466000,552.4447733,269
2017,West Region,JURONG EAST,Low,89.59036145,29329788,353370.9398,320000,366.4374805,83
2017,West Region,JURONG EAST,Mid,89.49541284,40547160,371992.2936,333000,386.1566451,109
2017,West Region,JURONG EAST,High,99.44528302,120429892,454452.4226,440000,424.5556066,265
2017,West Region,JURONG WEST,Low,98.30545455,97452580,354373.0182,338000,334.898635,275
2017,West Region,JURONG WEST,Mid,102.7962963,145107444.9,383882.1293,372000,346.9371234,378
2017,West Region,JURONG WEST,High,102.2078594,397871783,411449.6205,415000,373.9923503,967
2018,Central Region,BISHAN,Low,109.9411765,50455164,593590.1647,545000,501.5990001,85
2018,Central Region,BISHAN,Mid,106.0549451,54475664,598633.6703,580000,524.3974396,91
2018,Central Region,BISHAN,High,108.2838428,156528870,683532.1834,675000,586.4427932,229
2018,Central Region,BUKIT MERAH,Low,81.43442623,56065164,459550.5246,455000,524.2706809,122
2018,Central Region,BUKIT MERAH,Mid,81.85534591,76156652,478972.6541,450000,543.6182354,159
2018,Central Region,BUKIT MERAH,High,90.05564924,363865271,613600.7943,650000,633.0023134,593
2018,Central Region,BUKIT TIMAH,Low,131.0714286,11441976,817284,845000,579.2890369,14
2018,Central Region,BUKIT TIMAH,Mid,110.4285714,9974388,712456.2857,662500,599.3867168,14
2018,Central Region,BUKIT TIMAH,High,106.1515152,23065664,698959.5152,716888,611.7249155,33
2018,Central Region,CENTRAL AREA,Low,83.85714286,3139000,448428.5714,456000,496.8022569,7
2018,Central Region,CENTRAL AREA,Mid,80.3,10721000,536050,454000,620.1833473,20
2018,Central Region,CENTRAL AREA,High,81.72666667,97900104,652667.36,553500,741.9223493,150
2018,Central Region,GEYLANG,Low,82.46458333,37167821,387164.8021,344444,436.172966,96
2018,Central Region,GEYLANG,Mid,82.03559322,50187188,425315.1525,345000,481.658111,118
2018,Central Region,GEYLANG,High,87.83797468,115807204,488637.9916,465000,516.8151813,237
2018,Central Region,KALLANG/WHAMPOA,Low,90.26271186,55166020,467508.6441,469000,481.1844824,118
2018,Central Region,KALLANG/WHAMPOA,Mid,81.22142857,59372388,424088.4857,400000,485.0831655,140
2018,Central Region,KALLANG/WHAMPOA,High,86.07880435,189252780,514273.8587,470000,555.045478,368
2018,Central Region,MARINE PARADE,Low,84.83333333,5669500,472458.3333,463250,517.4010756,12
2018,Central Region,MARINE PARADE,Mid,76.2,10689888,427595.52,400000,521.3249625,25
2018,Central Region,MARINE PARADE,High,88.96116505,59105352,573838.3689,506000,599.2657639,103
2018,Central Region,QUEENSTOWN,Low,76.68831169,35210352,457277.2987,390000,553.9630662,77
2018,Central Region,QUEENSTOWN,Mid,79.94680851,46231776,491827.4043,386500,571.5338246,94
2018,Central Region,QUEENSTOWN,High,84.22444444,266213345,591585.2111,604444,652.543547,450
2018,Central Region,TOA PAYOH,Low,85.51401869,44911815,419736.5888,349000,456.0052659,107
2018,Central Region,TOA PAYOH,Mid,79.31410256,62658052,401654.1795,310000,470.4703099,156
2018,Central Region,TOA PAYOH,High,92.05208333,275247948,573433.225,597500,578.7347713,480
2018,East Region,BEDOK,Low,87.91139241,89851024,379118.2447,340000,400.6451334,237
2018,East Region,BEDOK,Mid,87.46666667,111790640,392247.8596,355000,416.6279024,285
2018,East Region,BEDOK,High,91.8538961,270972577,439890.5471,399000,444.9153533,616
2018,East Region,PASIR RIS,Low,125.1503268,73641388,481316.2614,440000,357.2966073,153
2018,East Region,PASIR RIS,Mid,125.1775148,83525387,494233.0592,468000,366.8054776,169
2018,East Region,PASIR RIS,High,124.6831683,154253092,509086.1122,485000,379.3270082,303
2018,East Region,TAMPINES,Low,106.5470588,152967261,449903.7088,429000,392.2910981,340
2018,East Region,TAMPINES,Mid,109.4684685,216718672,488105.1171,463500,414.2425096,444
2018,East Region,TAMPINES,High,108.6037152,322559475,499318.0728,475000,427.132826,646
2018,North Region,SEMBAWANG,Low,108.5666667,33212020,369022.4444,351000,315.7814562,90
2018,North Region,SEMBAWANG,Mid,107.1196581,43941568,375568.9573,368000,325.7248225,117
2018,North Region,SEMBAWANG,High,106.0556962,152073718,384996.7544,372000,337.251131,395
2018,North Region,WOODLANDS,Low,108.5530086,126869076,363521.7077,335000,311.1134816,349
2018,North Region,WOODLANDS,Mid,107.5773672,161591876,373191.3995,350000,322.2857184,433
2018,North Region,WOODLANDS,High,104.7650158,359239402,378545.2076,365000,335.6849071,949
2018,North Region,YISHUN,Low,91.61029412,89446120,328846.0294,305000,333.486817,272
2018,North Region,YISHUN,Mid,93.37365591,127633424,343100.6022,328444,341.3716589,372
2018,North Region,YISHUN,High,95.28005865,252987727,370949.7463,345000,361.6957521,682
2018,North-East Region,ANG MO KIO,Low,80.37647059,56811228,334183.6941,279000,386.2661662,170
2018,North-East Region,ANG MO KIO,Mid,82.42040816,91971228,375392.7673,308000,423.1374705,245
2018,North-East Region,ANG MO KIO,High,89.55926544,283473992,473245.3957,403000,490.9149071,599
2018,North-East Region,HOUGANG,Low,106.4533898,100451620,425642.4576,375000,371.4631972,236
2018,North-East Region,HOUGANG,Mid,101.2186235,102446266,414762.2105,385000,380.6879228,247
2018,North-East Region,HOUGANG,High,105.0797101,249771010,452483.7138,424000,400.0501446,552
2018,North-East Region,PUNGGOL,Low,95.52432432,74746964,404037.6432,395000,392.9508209,185
2018,North-East Region,PUNGGOL,Mid,97.88278388,120293156,440634.2711,430000,418.2175997,273
2018,North-East Region,PUNGGOL,High,97.27432808,495913640,459604.8563,446000,438.9516794,1079
2018,North-East Region,SENGKANG,Low,101.9272727,86309776,392317.1636,381000,357.5833184,220
2018,North-East Region,SENGKANG,Mid,102.4186851,120207696,415943.5848,405000,377.2989357,289
2018,North-East Region,SENGKANG,High,99.46732026,533058863.8,435505.6076,428000,406.7650957,1224
2018,North-East Region,SERANGOON,Low,104.7,58165676,447428.2769,430000,397.0151608,130
2018,North-East Region,SERANGOON,Mid,101.0592593,66562428,493055.0222,475000,453.2623247,135
2018,North-East Region,SERANGOON,High,106.6820277,115844716,533846.6175,508000,464.8957538,217
2018,West Region,BUKIT BATOK,Low,94.96363636,58623359,355293.0848,345000,347.5839898,165
2018,West Region,BUKIT BATOK,Mid,89.91304348,78847503,342815.2304,308000,354.2156583,230
2018,West Region,BUKIT BATOK,High,96.90358744,179366439.8,402166.9053,390000,385.564304,446
2018,West Region,BUKIT PANJANG,Low,104.9607843,38915276,381522.3137,340000,337.6939045,102
2018,West Region,BUKIT PANJANG,Mid,103.808642,63735475,393428.858,370000,352.0975866,162
2018,West Region,BUKIT PANJANG,High,105.7505112,219900834,449694.9571,436000,395.0625725,489
2018,West Region,CHOA CHU KANG,Low,109.5517241,51047964,352054.9241,330000,298.5530772,145
2018,West Region,CHOA CHU KANG,Mid,113.875,86838908,387673.6964,366900,316.2774953,224
2018,West Region,CHOA CHU KANG,High,109.5301418,217007090,384764.344,370000,326.3559348,564
2018,West Region,CLEMENTI,Low,86.98630137,29564300,404990.411,335000,432.5379533,73
2018,West Region,CLEMENTI,Mid,88.42342342,50061253,451002.2793,388000,473.8509517,111
2018,West Region,CLEMENTI,High,87.03311258,152715043,505678.9503,455833,539.7848683,302
2018,West Region,JURONG EAST,Low,96.51136364,33854217,384707.0114,365000,370.3241163,88
2018,West Region,JURONG EAST,Mid,93.31775701,41392164,386842.6542,368000,385.1238447,107
2018,West Region,JURONG EAST,High,100.4659864,133657921,454618.7789,441500,420.3960862,294
2018,West Region,JURONG WEST,Low,100.9194631,103001392,345642.255,346500,318.1868625,298
2018,West Region,JURONG WEST,Mid,103.1289474,143331577,377188.3605,372069,339.7880047,380
2018,West Region,JURONG WEST,High,101.6016949,374500834,396716.9852,397500,362.7523108,944
2019,Central Region,BISHAN,Low,106.8571429,51765264,568849.0549,548000,494.5655128,91
2019,Central Region,BISHAN,Mid,106.2631579,55735240,586686.7368,562000,512.9250364,95
2019,Central Region,BISHAN,High,109.6363636,154591356,669226.6494,660000,567.0860313,231
2019,Central Region,BUKIT MERAH,Low,83.95934959,57935764,471022.4715,484800,521.1981998,123
2019,Central Region,BUKIT MERAH,Mid,83.04968944,75003253,465858.7143,418000,521.1305779,161
2019,Central Region,BUKIT MERAH,High,90.04020101,359742352,602583.5042,640000,621.7433207,597
2019,Central Region,BUKIT TIMAH,Low,132.3,8491776,849177.6,855000,596.3057966,10
2019,Central Region,BUKIT TIMAH,Mid,112.2352941,12117500,712794.1176,700000,590.0176502,17
2019,Central Region,BUKIT TIMAH,High,105.8181818,30285776,688313.0909,675000,604.3048501,44
2019,Central Region,CENTRAL AREA,Low,79.27272727,4782000,434727.2727,440000,509.4756505,11
2019,Central Region,CENTRAL AREA,Mid,78.77777778,14165776,524658.3704,435000,618.7329233,27
2019,Central Region,CENTRAL AREA,High,82.81333333,96688929,644592.86,567500,723.1286533,150
2019,Central Region,GEYLANG,Low,77.45769231,36838388,354215.2692,292500,424.8475031,104
2019,Central Region,GEYLANG,Mid,80.62965517,56242052,387876.2207,360888,446.9188767,145
2019,Central Region,GEYLANG,High,85.25173611,132360338,459584.5069,406944,500.8324886,288
2019,Central Region,KALLANG/WHAMPOA,Low,88.94186047,41402666,481426.3488,472500,502.8679903,86
2019,Central Region,KALLANG/WHAMPOA,Mid,84.16949153,52085483,441402.3983,382500,487.2034226,118
2019,Central Region,KALLANG/WHAMPOA,High,87.71212121,208844134,527384.1768,495500,558.5960071,396
2019,Central Region,MARINE PARADE,Low,79.47619048,8448000,402285.7143,320000,470.2490362,21
2019,Central Region,MARINE PARADE,Mid,85.25925926,12769664,472950.5185,392000,515.3526297,27
2019,Central Region,MARINE PARADE,High,84.68831169,39779968,516622.961,470000,566.7357054,77
2019,Central Region,QUEENSTOWN,Low,75.36486487,30509688,412293.0811,299000,508.2383912,74
2019,Central Region,QUEENSTOWN,Mid,76.71698113,47884562,451741.1509,357500,547.0518549,106
2019,Central Region,QUEENSTOWN,High,84.671875,228654771,595455.1328,645000,653.3414497,384
2019,Central Region,TOA PAYOH,Low,82.41538462,47126676,362512.8923,281500,408.6443628,130
2019,Central Region,TOA PAYOH,Mid,82.88965517,55002321,379326.3517,298000,425.1508256,145
2019,Central Region,TOA PAYOH,High,88.69444444,223159886,516573.8102,468000,541.0860183,432
2019,East Region,BEDOK,Low,86.34765625,92426940,361042.7344,329000,388.4529298,256
2019,East Region,BEDOK,Mid,88.42560554,110758402,383247.0657,330000,402.6531876,289
2019,East Region,BEDOK,High,89.69435216,250703829,416451.5432,368000,431.3499221,602
2019,East Region,PASIR RIS,Low,122.4496124,61775275,478878.1008,460000,363.3271967,129
2019,East Region,PASIR RIS,Mid,119.7160494,77926725,481029.1667,470000,373.2925985,162
2019,East Region,PASIR RIS,High,120.8163265,150205698,510903.7347,490000,392.8654131,294
2019,East Region,TAMPINES,Low,103.4308176,137662076,432899.6101,420000,388.8369989,318
2019,East Region,TAMPINES,Mid,104.0191388,190461978,455650.6651,430000,406.957541,418
2019,East Region,TAMPINES,High,101.9172821,329874730,487259.5716,460000,444.1635249,677
2019,North Region,SEMBAWANG,Low,103.0582524,36899776,358250.2524,342000,322.9490988,103
2019,North Region,SEMBAWANG,Mid,99.33082707,47451464.88,356777.9314,355000,333.6908338,133
2019,North Region,SEMBAWANG,High,98.11793612,152097448,373703.8034,375000,353.8420637,407
2019,North Region,WOODLANDS,Low,106.8215223,135628740,355980.9449,348000,309.5981339,381
2019,North Region,WOODLANDS,Mid,105.3220339,171697472,363765.8305,352500,320.8728787,472
2019,North Region,WOODLANDS,High,104.5611052,359422172,381957.6748,370000,339.3715418,941
2019,North Region,YISHUN,Low,93.14673913,124027552,337031.3913,305000,336.1499439,368
2019,North Region,YISHUN,Mid,94.17263158,170360758,358654.2274,325000,353.8193604,475
2019,North Region,YISHUN,High,93.61034847,370686878,391432.8173,386000,388.4755742,947
2019,North-East Region,ANG MO KIO,Low,80.04142012,53379152,315852.9704,272000,366.6068081,169
2019,North-East Region,ANG MO KIO,Mid,79.84297521,81452692,336581.3719,291000,391.6369954,242
2019,North-East Region,ANG MO KIO,High,87.59300184,232424789,428038.2855,370000,453.9871405,543
2019,North-East Region,HOUGANG,Low,101.8382353,82549784,404655.8039,360000,369.1520244,204
2019,North-East Region,HOUGANG,Mid,101.5043478,97634084,424496.0174,388000,388.5253144,230
2019,North-East Region,HOUGANG,High,98.48876405,227976851,426922.9419,410500,402.710684,534
2019,North-East Region,PUNGGOL,Low,95.53043478,47424964,412390.9913,405000,401.0492983,115
2019,North-East Region,PUNGGOL,Mid,95.75369458,89039400,438617.734,430000,425.5601885,203
2019,North-East Region,PUNGGOL,High,94.96437055,398188507,472907.9656,463444,462.6433041,842
2019,North-East Region,SENGKANG,Low,99.44976077,83998240,401905.4545,390000,375.4486121,209
2019,North-East Region,SENGKANG,Mid,100.1311475,133041028,436200.0918,420000,404.7127671,305
2019,North-East Region,SENGKANG,High,97.32552693,577479521,450803.6854,436000,430.319513,1281
2019,North-East Region,SERANGOON,Low,105.1619048,49300684,469530.3238,445000,414.7969435,105
2019,North-East Region,SERANGOON,Mid,98.53846154,53194578,454654.5128,427000,428.6532041,117
2019,North-East Region,SERANGOON,High,101.3162791,110069816,511952.6326,490000,469.4408674,215
2019,West Region,BUKIT BATOK,Low,96.77319588,67970504,350363.4227,325500,336.3520061,194
2019,West Region,BUKIT BATOK,Mid,94.7826087,82029239,356648.8652,329000,349.5767453,230
2019,West Region,BUKIT BATOK,High,98.24888889,179523468,398941.04,385000,377.234508,450
2019,West Region,BUKIT PANJANG,Low,103.0526316,57318164,377093.1842,362500,339.9538327,152
2019,West Region,BUKIT PANJANG,Mid,103.4973822,75977840,397789.7382,392500,357.0709803,191
2019,West Region,BUKIT PANJANG,High,101.3737374,265834839,447533.399,440000,410.1383118,594
2019,West Region,CHOA CHU KANG,Low,113.0379747,57645000,364841.7722,345000,299.854475,158
2019,West Region,CHOA CHU KANG,Mid,111.2895928,83037795,375736.629,355000,313.6601365,221
2019,West Region,CHOA CHU KANG,High,111.0606618,215207344,395601.7353,374500,330.9240087,544
2019,West Region,CLEMENTI,Low,85.26373626,35249000,387351.6484,320000,422.0572788,91
2019,West Region,CLEMENTI,Mid,79.18095238,38921052,370676.6857,338000,434.91551,105
2019,West Region,CLEMENTI,High,89.77031802,141750131,500883.8551,465000,518.3637408,283
2019,West Region,JURONG EAST,Low,98.89130435,34440276,374350.8261,340000,351.6827254,92
2019,West Region,JURONG EAST,Mid,99.45,55121264,393723.3143,370000,367.8042053,140
2019,West Region,JURONG EAST,High,96.72014925,113031948,421761,400000,405.1163824,268
2019,West Region,JURONG WEST,Low,102.2630058,121875144,352240.3006,346000,320.0006312,346
2019,West Region,JURONG WEST,Mid,104.3095238,159886820,380682.9048,377000,339.0546909,420
2019,West Region,JURONG WEST,High,101.8317359,375594208.8,399993.8325,408000,364.9223757,939
2020,Central Region,BISHAN,Low,108.8,5875000,587500,620000,501.6598237,10
2020,Central Region,BISHAN,Mid,113.7857143,8861000,632928.5714,600000,516.7700151,14
2020,Central Region,BISHAN,High,111,10482888,655180.5,680000,548.3632352,16
2020,Central Region,BUKIT MERAH,Low,84.75,4188500,523562.5,586500,573.9303239,8
2020,Central Region,BUKIT MERAH,Mid,81.30769231,6623000,509461.5385,540000,582.1167733,13
2020,Central Region,BUKIT MERAH,High,87.87804878,26318552,641915.9024,685000,678.6222191,41
2020,Central Region,BUKIT TIMAH,High,98.5,2508946,627236.5,589029,591.5962847,4
2020,Central Region,CENTRAL AREA,Low,84,825000,412500,412500,456.2207272,2
2020,Central Region,CENTRAL AREA,Mid,72,375000,375000,375000,483.8704683,1
2020,Central Region,CENTRAL AREA,High,74.25,2110000,527500,392000,660.018869,4
2020,Central Region,GEYLANG,Low,83.62307692,4829500,371500,338000,412.7271326,13
2020,Central Region,GEYLANG,Mid,72.5,1654000,275666.6667,202500,353.2454641,6
2020,Central Region,GEYLANG,High,80.22692308,10459088,402272.6154,367500,465.8334585,26
2020,Central Region,KALLANG/WHAMPOA,Low,92.66666667,4628000,514222.2222,518000,515.5343947,9
2020,Central Region,KALLANG/WHAMPOA,Mid,100.8333333,3077500,512916.6667,553250,472.5774914,6
2020,Central Region,KALLANG/WHAMPOA,High,92.45714286,18120400,517725.7143,490000,520.2230764,35
2020,Central Region,MARINE PARADE,Low,65,298000,298000,298000,425.9251186,1
2020,Central Region,MARINE PARADE,Mid,75.5,2346000,391000,400000,481.1274675,6
2020,Central Region,MARINE PARADE,High,71.5,1558000,389500,349000,506.0946727,4
2020,Central Region,QUEENSTOWN,Low,60.75,1079888,269972,265000,412.85998,4
2020,Central Region,QUEENSTOWN,Mid,77.33333333,2298900,383150,279450,460.2909598,6
2020,Central Region,QUEENSTOWN,High,84.58823529,19089888,561467.2941,578000,616.6586734,34
2020,Central Region,TOA PAYOH,Low,84.78571429,5174088,369577.7143,387544,404.9612212,14
2020,Central Region,TOA PAYOH,Mid,72.81818182,3284000,298545.4545,265000,380.8912342,11
2020,Central Region,TOA PAYOH,High,87.38709677,15014076,484325.0323,398000,514.8965128,31
2020,East Region,BEDOK,Low,82.33333333,4089000,340750,334000,384.4948362,12
2020,East Region,BEDOK,Mid,98.80952381,8592888,409185.1429,335000,384.7258748,21
2020,East Region,BEDOK,High,91.63513514,31222488,421925.5135,387250,427.7638783,74
2020,East Region,PASIR RIS,Low,122.4285714,6705300,478950,475000,363.4441989,14
2020,East Region,PASIR RIS,Mid,106.3478261,11101500,482673.913,488000,421.653351,23
2020,East Region,PASIR RIS,High,108.03125,16271000,508468.75,528250,437.265498,32
2020,East Region,TAMPINES,Low,105.2272727,9687888,440358.5455,454000,388.784068,22
2020,East Region,TAMPINES,Mid,95.15151515,14102888,427360.2424,390000,417.2619223,33
2020,East Region,TAMPINES,High,102.25,34913440,484908.8889,471000,440.5824303,72
2020,North Region,SEMBAWANG,Low,85.71428571,2186000,312285.7143,335000,338.47707,7
2020,North Region,SEMBAWANG,Mid,93.6,1727000,345400,388000,342.8284302,5
2020,North Region,SEMBAWANG,High,97.42307692,9696888,372957.2308,372500,355.6538672,26
2020,North Region,WOODLANDS,Low,104.6470588,11956776,351669.8824,346500,312.204023,34
2020,North Region,WOODLANDS,Mid,110.2121212,12720000,385454.5455,375000,324.9182877,33
2020,North Region,WOODLANDS,High,96.57575758,23478276,355731.4545,342000,342.2035339,66
2020,North Region,YISHUN,Low,99.95121951,15159500,369743.9024,350000,343.6713025,41
2020,North Region,YISHUN,Mid,92.4,18164976,363299.52,369000,365.2777327,50
2020,North Region,YISHUN,High,89.85555556,34130164,379224.0444,366750,392.0859478,90
2020,North-East Region,ANG MO KIO,Low,84.09090909,7220000,328181.8182,285000,362.5732962,22
2020,North-East Region,ANG MO KIO,Mid,79.70833333,7675300,319804.1667,311250,372.7440632,24
2020,North-East Region,ANG MO KIO,High,92.56097561,19293676,470577.4634,450000,472.3169665,41
2020,North-East Region,HOUGANG,Low,106.4736842,8165888,429783.5789,400000,375.0057112,19
2020,North-East Region,HOUGANG,Mid,108.2173913,10191888,443125.5652,385000,380.4171534,23
2020,North-East Region,HOUGANG,High,94.2037037,23534776,435829.1852,391500,429.8121392,54
2020,North-East Region,PUNGGOL,Low,85.76923077,5085444,391188,410000,423.7252597,13
2020,North-East Region,PUNGGOL,Mid,91.45,8604000,430200,440000,437.0358282,20
2020,North-East Region,PUNGGOL,High,95.33333333,31871252,482897.7576,475000,470.5878997,66
2020,North-East Region,SENGKANG,Low,103.0952381,8750000,416666.6667,390000,375.4745435,21
2020,North-East Region,SENGKANG,Mid,97,14674888,419282.5143,410000,401.5737927,35
2020,North-East Region,SENGKANG,High,96.65546219,52884984,444411.6303,438000,427.1588018,119
2020,North-East Region,SERANGOON,Low,102.9,4820888,482088.8,442500,435.2532402,10
2020,North-East Region,SERANGOON,Mid,103.5714286,3617000,516714.2857,530000,463.4905115,7
2020,North-East Region,SERANGOON,High,90.1875,6850000,428125,376500,441.0162438,16
2020,West Region,BUKIT BATOK,Low,82.61538462,3878888,298376,260000,335.5315044,13
2020,West Region,BUKIT BATOK,Mid,93.61904762,7359800,350466.6667,330000,347.7865999,21
2020,West Region,BUKIT BATOK,High,107.4137931,12858300,443389.6552,400000,383.491594,29
2020,West Region,BUKIT PANJANG,Low,110.2666667,6368000,424533.3333,395000,357.682667,15
2020,West Region,BUKIT PANJANG,Mid,94,7463388,392809.8947,403000,388.2262625,19
2020,West Region,BUKIT PANJANG,High,96.43478261,29067864,421273.3913,420000,405.8454381,69
2020,West Region,CHOA CHU KANG,Low,108.1428571,4949000,353500,318000,303.6840092,14
2020,West Region,CHOA CHU KANG,Mid,96.05882353,5509888,324111.0588,340000,313.4634664,17
2020,West Region,CHOA CHU KANG,High,116.7083333,19604864,408434.6667,390000,325.1255314,48
2020,West Region,CLEMENTI,Low,87.66666667,1055000,351666.6667,360000,372.6722511,3
2020,West Region,CLEMENTI,Mid,83.22222222,3506888,389654.2222,350000,434.9811368,9
2020,West Region,CLEMENTI,High,94.13636364,13807442,627611,692500,619.3889801,22
2020,West Region,JURONG EAST,Low,105.375,2990000,373750,360000,329.5140669,8
2020,West Region,JURONG EAST,Mid,101.2,3780000,378000,367000,347.0097145,10
2020,West Region,JURONG EAST,High,100.5,9069000,453450,404000,419.1733757,20
2020,West Region,JURONG WEST,Low,102.8611111,12505600,347377.7778,355000,313.7481451,36
2020,West Region,JURONG WEST,Mid,112.375,12843783,401368.2188,394999,331.8208122,32
2020,West Region,JURONG WEST,High,105.6285714,29490052,421286.4571,415000,370.5326118,70
